,hsa338442,hsa1812,hsa1813,hsa5739,hsa9052,hsa148,hsa153,hsa154,hsa64805,hsa1814,hsa4986,hsa1128,hsa1129,hsa1131,hsa1132,hsa1133,hsa150,hsa151,hsa3577,hsa5731,hsa5732,hsa134,hsa135,hsa140,hsa11255,hsa3269,hsa59340,hsa2550,hsa146,hsa147,hsa155,hsa1816,hsa3356,hsa3360,hsa152,hsa1815,hsa3350,hsa3351,hsa3352,hsa3354,hsa3355,hsa3357,hsa3358,hsa3361,hsa3362,hsa3363,hsa3274,hsa4988,hsa1268,hsa6915,hsa5737,hsa136,hsa185,hsa10800,hsa1241,hsa56413,hsa57105,hsa5733,hsa6751,hsa6752,hsa8843,hsa10161,hsa2846,hsa5028,hsa5029,hsa5030,hsa5031,hsa5032,hsa9934,hsa4985,hsa2911,hsa2912,hsa2913,hsa2914,hsa2915,hsa2916,hsa2917,hsa2918,hsa222545,hsa1909,hsa1910,hsa552,hsa554,hsa9283,hsa5724,hsa23620,hsa7201,hsa6753,hsa6755,hsa4543,hsa1234,hsa886,hsa887,hsa5729,hsa6010
hsa338442,363.0,157.0,142.0,143.0,135.0,155.0,145.0,148.0,146.0,143.0,144.0,143.0,150.0,163.0,150.0,154.0,141.0,146.0,137.0,141.0,136.0,128.0,144.0,128.0,139.0,151.0,142.0,203.0,165.0,160.0,135.0,155.0,154.0,145.0,137.0,136.0,135.0,132.0,133.0,131.0,130.0,157.0,156.0,130.0,143.0,153.0,147.0,153.0,159.0,134.0,138.0,135.0,144.0,143.0,142.0,132.0,144.0,140.0,147.0,154.0,346.0,144.0,151.0,148.0,149.0,144.0,135.0,142.0,138.0,142.0,222.0,189.0,199.0,197.0,221.0,186.0,197.0,197.0,201.0,152.0,148.0,150.0,141.0,150.0,144.0,147.0,144.0,156.0,151.0,141.0,146.0,149.0,145.0,134.0,137.0
hsa1812,157.0,446.0,185.0,159.0,141.0,203.0,206.0,193.0,159.0,176.0,160.0,170.0,178.0,192.0,174.0,190.0,188.0,177.0,156.0,155.0,144.0,155.0,174.0,151.0,166.0,181.0,163.0,229.0,210.0,215.0,179.0,291.0,195.0,192.0,183.0,161.0,183.0,176.0,177.0,173.0,172.0,198.0,182.0,168.0,201.0,210.0,189.0,166.0,182.0,149.0,152.0,156.0,155.0,148.0,157.0,147.0,146.0,159.0,163.0,164.0,165.0,161.0,167.0,162.0,162.0,150.0,146.0,152.0,146.0,153.0,253.0,229.0,228.0,228.0,264.0,225.0,230.0,235.0,230.0,164.0,163.0,173.0,154.0,172.0,144.0,165.0,168.0,167.0,161.0,154.0,151.0,178.0,178.0,147.0,151.0
hsa1813,142.0,185.0,443.0,151.0,145.0,186.0,186.0,176.0,140.0,260.0,155.0,186.0,187.0,210.0,190.0,205.0,207.0,192.0,152.0,147.0,149.0,156.0,171.0,153.0,185.0,203.0,168.0,222.0,196.0,198.0,177.0,197.0,192.0,168.0,196.0,203.0,189.0,188.0,192.0,177.0,193.0,185.0,184.0,171.0,173.0,192.0,175.0,160.0,164.0,140.0,139.0,157.0,154.0,156.0,145.0,139.0,140.0,155.0,158.0,155.0,151.0,154.0,154.0,147.0,159.0,141.0,142.0,143.0,143.0,154.0,240.0,215.0,218.0,225.0,248.0,220.0,227.0,230.0,222.0,159.0,160.0,163.0,147.0,165.0,146.0,163.0,162.0,160.0,155.0,147.0,146.0,163.0,168.0,148.0,142.0
hsa5739,143.0,159.0,151.0,386.0,146.0,167.0,171.0,153.0,133.0,149.0,137.0,159.0,149.0,172.0,157.0,163.0,160.0,160.0,142.0,183.0,201.0,131.0,164.0,131.0,156.0,160.0,145.0,214.0,185.0,175.0,163.0,166.0,164.0,148.0,158.0,161.0,148.0,139.0,140.0,135.0,134.0,159.0,157.0,146.0,174.0,161.0,155.0,146.0,169.0,169.0,157.0,140.0,139.0,133.0,152.0,159.0,134.0,164.0,150.0,142.0,152.0,132.0,136.0,146.0,158.0,151.0,140.0,155.0,130.0,153.0,243.0,214.0,206.0,213.0,237.0,213.0,211.0,215.0,215.0,151.0,152.0,156.0,157.0,167.0,134.0,158.0,148.0,162.0,156.0,145.0,140.0,149.0,164.0,182.0,134.0
hsa9052,135.0,141.0,145.0,146.0,357.0,149.0,151.0,145.0,135.0,140.0,130.0,144.0,143.0,164.0,150.0,161.0,147.0,136.0,135.0,143.0,133.0,128.0,150.0,133.0,148.0,153.0,143.0,203.0,164.0,164.0,138.0,149.0,156.0,143.0,145.0,137.0,140.0,138.0,135.0,133.0,130.0,153.0,150.0,132.0,149.0,154.0,147.0,139.0,153.0,134.0,137.0,132.0,138.0,126.0,138.0,140.0,128.0,143.0,139.0,135.0,136.0,129.0,137.0,139.0,140.0,138.0,128.0,141.0,130.0,136.0,224.0,195.0,191.0,194.0,221.0,196.0,202.0,197.0,203.0,143.0,147.0,148.0,136.0,155.0,131.0,146.0,140.0,141.0,134.0,131.0,139.0,148.0,149.0,134.0,132.0
hsa148,155.0,203.0,186.0,167.0,149.0,466.0,212.0,192.0,152.0,182.0,165.0,179.0,185.0,195.0,185.0,191.0,192.0,183.0,167.0,168.0,166.0,155.0,183.0,158.0,171.0,193.0,172.0,238.0,285.0,280.0,190.0,209.0,191.0,187.0,190.0,176.0,185.0,181.0,177.0,169.0,176.0,193.0,194.0,175.0,195.0,215.0,187.0,176.0,186.0,154.0,157.0,157.0,163.0,156.0,161.0,154.0,157.0,157.0,177.0,177.0,162.0,166.0,170.0,164.0,169.0,159.0,145.0,161.0,163.0,171.0,262.0,229.0,235.0,236.0,266.0,232.0,234.0,240.0,232.0,172.0,167.0,177.0,166.0,175.0,157.0,170.0,173.0,184.0,172.0,163.0,163.0,174.0,177.0,154.0,155.0
hsa153,145.0,206.0,186.0,171.0,151.0,212.0,477.0,249.0,147.0,177.0,160.0,183.0,175.0,193.0,188.0,185.0,209.0,188.0,153.0,181.0,167.0,158.0,180.0,158.0,193.0,184.0,161.0,231.0,241.0,226.0,258.0,217.0,196.0,190.0,201.0,195.0,185.0,186.0,179.0,160.0,167.0,195.0,192.0,169.0,211.0,214.0,188.0,162.0,179.0,155.0,152.0,165.0,147.0,150.0,169.0,161.0,149.0,161.0,174.0,166.0,152.0,145.0,153.0,160.0,164.0,165.0,146.0,166.0,141.0,175.0,265.0,247.0,226.0,234.0,273.0,237.0,238.0,231.0,227.0,169.0,175.0,167.0,175.0,182.0,144.0,179.0,169.0,182.0,175.0,161.0,149.0,182.0,193.0,151.0,155.0
hsa154,148.0,193.0,176.0,153.0,145.0,192.0,249.0,413.0,148.0,170.0,154.0,163.0,173.0,186.0,169.0,179.0,171.0,164.0,147.0,141.0,152.0,149.0,175.0,155.0,158.0,179.0,159.0,226.0,206.0,205.0,211.0,195.0,188.0,184.0,170.0,157.0,180.0,172.0,165.0,158.0,154.0,183.0,181.0,154.0,178.0,192.0,180.0,163.0,165.0,141.0,146.0,162.0,145.0,151.0,154.0,142.0,145.0,148.0,164.0,167.0,150.0,152.0,151.0,155.0,149.0,144.0,132.0,145.0,143.0,154.0,246.0,207.0,213.0,217.0,241.0,209.0,217.0,219.0,219.0,162.0,162.0,163.0,153.0,174.0,147.0,152.0,163.0,164.0,156.0,151.0,143.0,165.0,165.0,136.0,137.0
hsa64805,146.0,159.0,140.0,133.0,135.0,152.0,147.0,148.0,342.0,138.0,148.0,146.0,147.0,160.0,146.0,157.0,144.0,140.0,132.0,122.0,130.0,130.0,144.0,134.0,143.0,158.0,138.0,198.0,154.0,161.0,139.0,160.0,154.0,148.0,140.0,127.0,144.0,142.0,132.0,132.0,134.0,156.0,149.0,136.0,148.0,158.0,152.0,157.0,150.0,130.0,135.0,128.0,146.0,140.0,136.0,128.0,142.0,138.0,147.0,155.0,149.0,148.0,155.0,152.0,148.0,136.0,132.0,132.0,181.0,147.0,217.0,189.0,192.0,196.0,213.0,183.0,196.0,201.0,198.0,149.0,147.0,145.0,139.0,148.0,149.0,141.0,137.0,140.0,142.0,143.0,146.0,154.0,145.0,123.0,134.0
hsa1814,143.0,176.0,260.0,149.0,140.0,182.0,177.0,170.0,138.0,400.0,152.0,178.0,179.0,189.0,186.0,191.0,195.0,187.0,151.0,152.0,148.0,148.0,163.0,148.0,181.0,191.0,171.0,217.0,195.0,188.0,175.0,183.0,181.0,160.0,197.0,205.0,186.0,184.0,183.0,173.0,176.0,178.0,171.0,169.0,171.0,191.0,168.0,155.0,163.0,143.0,143.0,152.0,146.0,145.0,148.0,140.0,143.0,149.0,160.0,161.0,149.0,147.0,147.0,149.0,158.0,150.0,141.0,151.0,136.0,156.0,238.0,213.0,208.0,217.0,235.0,214.0,217.0,217.0,215.0,155.0,156.0,160.0,150.0,167.0,140.0,157.0,161.0,157.0,157.0,151.0,147.0,165.0,172.0,143.0,139.0
hsa4986,144.0,160.0,155.0,137.0,130.0,165.0,160.0,154.0,148.0,152.0,380.0,153.0,154.0,177.0,154.0,168.0,166.0,148.0,152.0,141.0,137.0,141.0,151.0,137.0,151.0,157.0,144.0,211.0,184.0,171.0,155.0,171.0,173.0,153.0,162.0,154.0,152.0,152.0,150.0,141.0,154.0,173.0,165.0,146.0,157.0,178.0,155.0,255.0,165.0,133.0,138.0,137.0,161.0,151.0,146.0,139.0,149.0,143.0,189.0,175.0,147.0,150.0,159.0,169.0,153.0,157.0,133.0,139.0,146.0,250.0,230.0,199.0,199.0,210.0,230.0,203.0,211.0,210.0,203.0,166.0,167.0,167.0,146.0,162.0,147.0,148.0,154.0,179.0,175.0,156.0,148.0,162.0,168.0,135.0,138.0
hsa1128,143.0,170.0,186.0,159.0,144.0,179.0,183.0,163.0,146.0,178.0,153.0,460.0,253.0,314.0,268.0,300.0,199.0,196.0,147.0,164.0,150.0,158.0,161.0,148.0,201.0,212.0,170.0,242.0,200.0,187.0,182.0,179.0,177.0,164.0,192.0,181.0,192.0,181.0,173.0,172.0,167.0,179.0,182.0,171.0,189.0,183.0,157.0,159.0,174.0,154.0,140.0,146.0,154.0,136.0,158.0,157.0,145.0,157.0,159.0,156.0,147.0,141.0,144.0,154.0,160.0,153.0,152.0,155.0,147.0,157.0,252.0,229.0,231.0,225.0,248.0,232.0,227.0,229.0,226.0,163.0,160.0,164.0,155.0,169.0,139.0,168.0,156.0,162.0,155.0,153.0,147.0,165.0,181.0,152.0,150.0
hsa1129,150.0,178.0,187.0,149.0,143.0,185.0,175.0,173.0,147.0,179.0,154.0,253.0,466.0,280.0,313.0,267.0,179.0,174.0,143.0,154.0,143.0,147.0,159.0,150.0,181.0,221.0,175.0,231.0,184.0,190.0,164.0,179.0,186.0,163.0,178.0,168.0,189.0,179.0,172.0,164.0,176.0,188.0,176.0,163.0,170.0,184.0,164.0,162.0,168.0,142.0,148.0,154.0,149.0,147.0,154.0,143.0,146.0,149.0,154.0,160.0,157.0,152.0,152.0,154.0,147.0,149.0,142.0,148.0,154.0,149.0,251.0,222.0,229.0,226.0,249.0,219.0,230.0,230.0,233.0,163.0,164.0,167.0,144.0,168.0,144.0,162.0,165.0,161.0,150.0,146.0,149.0,170.0,166.0,142.0,149.0
hsa1131,163.0,192.0,210.0,172.0,164.0,195.0,193.0,186.0,160.0,189.0,177.0,314.0,280.0,590.0,288.0,336.0,204.0,198.0,164.0,177.0,169.0,171.0,180.0,167.0,203.0,231.0,196.0,272.0,229.0,212.0,186.0,206.0,210.0,187.0,201.0,182.0,207.0,194.0,200.0,185.0,192.0,210.0,203.0,183.0,202.0,213.0,175.0,188.0,196.0,167.0,164.0,170.0,173.0,156.0,173.0,168.0,167.0,176.0,178.0,174.0,171.0,166.0,171.0,172.0,168.0,169.0,162.0,170.0,164.0,172.0,296.0,253.0,255.0,267.0,288.0,256.0,258.0,267.0,270.0,180.0,186.0,187.0,171.0,194.0,161.0,181.0,182.0,184.0,175.0,162.0,170.0,185.0,195.0,169.0,165.0
hsa1132,150.0,174.0,190.0,157.0,150.0,185.0,188.0,169.0,146.0,186.0,154.0,268.0,313.0,288.0,479.0,279.0,201.0,192.0,151.0,159.0,153.0,152.0,171.0,153.0,182.0,213.0,167.0,235.0,201.0,193.0,178.0,180.0,187.0,165.0,194.0,182.0,197.0,176.0,174.0,169.0,170.0,187.0,178.0,162.0,176.0,187.0,167.0,167.0,169.0,153.0,150.0,155.0,154.0,148.0,161.0,156.0,151.0,160.0,164.0,162.0,156.0,147.0,153.0,157.0,161.0,157.0,158.0,160.0,147.0,159.0,261.0,226.0,230.0,237.0,262.0,231.0,231.0,229.0,232.0,169.0,167.0,179.0,150.0,170.0,145.0,162.0,161.0,166.0,159.0,149.0,146.0,177.0,177.0,150.0,148.0
hsa1133,154.0,190.0,205.0,163.0,161.0,191.0,185.0,179.0,157.0,191.0,168.0,300.0,267.0,336.0,279.0,532.0,197.0,203.0,162.0,165.0,156.0,157.0,174.0,154.0,197.0,225.0,180.0,250.0,206.0,204.0,171.0,197.0,196.0,170.0,191.0,182.0,199.0,189.0,187.0,182.0,180.0,199.0,189.0,171.0,185.0,200.0,166.0,172.0,178.0,159.0,157.0,160.0,161.0,154.0,166.0,156.0,156.0,162.0,165.0,166.0,158.0,153.0,162.0,165.0,169.0,157.0,158.0,162.0,155.0,159.0,273.0,246.0,239.0,246.0,270.0,244.0,247.0,252.0,247.0,170.0,175.0,177.0,160.0,180.0,156.0,172.0,173.0,169.0,163.0,158.0,154.0,184.0,182.0,156.0,154.0
hsa150,141.0,188.0,207.0,160.0,147.0,192.0,209.0,171.0,144.0,195.0,166.0,199.0,179.0,204.0,201.0,197.0,465.0,272.0,145.0,168.0,150.0,148.0,175.0,137.0,205.0,192.0,172.0,229.0,211.0,200.0,192.0,198.0,194.0,171.0,291.0,212.0,213.0,185.0,189.0,174.0,187.0,193.0,193.0,173.0,175.0,188.0,171.0,162.0,166.0,145.0,146.0,153.0,142.0,143.0,153.0,152.0,142.0,153.0,165.0,158.0,148.0,140.0,147.0,153.0,156.0,148.0,151.0,154.0,132.0,173.0,257.0,228.0,226.0,237.0,251.0,238.0,237.0,240.0,231.0,161.0,165.0,169.0,159.0,175.0,145.0,159.0,159.0,169.0,163.0,153.0,142.0,164.0,182.0,153.0,141.0
hsa151,146.0,177.0,192.0,160.0,136.0,183.0,188.0,164.0,140.0,187.0,148.0,196.0,174.0,198.0,192.0,203.0,272.0,450.0,147.0,158.0,149.0,149.0,174.0,145.0,190.0,183.0,172.0,223.0,192.0,191.0,177.0,177.0,181.0,166.0,270.0,202.0,197.0,177.0,174.0,167.0,170.0,187.0,186.0,169.0,176.0,176.0,168.0,157.0,161.0,143.0,140.0,150.0,142.0,133.0,151.0,150.0,139.0,151.0,149.0,152.0,151.0,138.0,142.0,150.0,153.0,147.0,145.0,154.0,137.0,153.0,245.0,224.0,222.0,224.0,247.0,231.0,224.0,224.0,223.0,154.0,159.0,154.0,153.0,164.0,139.0,162.0,153.0,167.0,154.0,150.0,141.0,163.0,173.0,144.0,145.0
hsa3577,137.0,156.0,152.0,142.0,135.0,167.0,153.0,147.0,132.0,151.0,152.0,147.0,143.0,164.0,151.0,162.0,145.0,147.0,350.0,138.0,135.0,140.0,146.0,138.0,146.0,152.0,142.0,198.0,169.0,166.0,147.0,160.0,160.0,145.0,144.0,142.0,147.0,143.0,144.0,140.0,140.0,157.0,150.0,139.0,147.0,167.0,146.0,161.0,164.0,134.0,145.0,140.0,159.0,144.0,155.0,144.0,146.0,147.0,155.0,148.0,138.0,148.0,153.0,147.0,150.0,146.0,140.0,145.0,143.0,146.0,223.0,196.0,202.0,195.0,218.0,189.0,195.0,198.0,207.0,154.0,156.0,152.0,141.0,150.0,135.0,140.0,147.0,155.0,152.0,142.0,162.0,156.0,157.0,141.0,141.0
hsa5731,141.0,155.0,147.0,183.0,143.0,168.0,181.0,141.0,122.0,152.0,141.0,164.0,154.0,177.0,159.0,165.0,168.0,158.0,138.0,402.0,171.0,135.0,155.0,128.0,177.0,160.0,157.0,217.0,185.0,174.0,176.0,163.0,160.0,139.0,173.0,163.0,154.0,154.0,154.0,138.0,134.0,154.0,156.0,145.0,177.0,158.0,150.0,141.0,157.0,182.0,180.0,136.0,135.0,122.0,160.0,164.0,128.0,184.0,153.0,138.0,146.0,121.0,133.0,140.0,160.0,158.0,149.0,161.0,123.0,152.0,248.0,221.0,210.0,214.0,238.0,220.0,207.0,208.0,201.0,147.0,152.0,153.0,164.0,165.0,127.0,169.0,140.0,165.0,157.0,135.0,144.0,157.0,175.0,163.0,133.0
hsa5732,136.0,144.0,149.0,201.0,133.0,166.0,167.0,152.0,130.0,148.0,137.0,150.0,143.0,169.0,153.0,156.0,150.0,149.0,135.0,171.0,358.0,126.0,142.0,124.0,151.0,151.0,150.0,211.0,171.0,161.0,155.0,153.0,160.0,142.0,153.0,143.0,146.0,142.0,140.0,131.0,135.0,155.0,151.0,140.0,161.0,157.0,143.0,141.0,160.0,163.0,152.0,134.0,131.0,126.0,146.0,144.0,131.0,165.0,142.0,136.0,142.0,126.0,134.0,138.0,146.0,145.0,133.0,145.0,132.0,142.0,223.0,208.0,199.0,201.0,227.0,198.0,196.0,201.0,199.0,144.0,145.0,148.0,155.0,157.0,134.0,152.0,140.0,152.0,147.0,131.0,133.0,151.0,167.0,193.0,129.0
hsa134,128.0,155.0,156.0,131.0,128.0,155.0,158.0,149.0,130.0,148.0,141.0,158.0,147.0,171.0,152.0,157.0,148.0,149.0,140.0,135.0,126.0,326.0,190.0,178.0,143.0,157.0,150.0,198.0,163.0,156.0,152.0,158.0,152.0,152.0,149.0,146.0,153.0,145.0,142.0,139.0,137.0,157.0,153.0,139.0,157.0,153.0,155.0,143.0,152.0,131.0,127.0,172.0,133.0,129.0,136.0,131.0,130.0,134.0,141.0,135.0,128.0,130.0,135.0,134.0,143.0,131.0,123.0,133.0,134.0,140.0,208.0,188.0,185.0,196.0,210.0,188.0,192.0,195.0,196.0,147.0,149.0,143.0,132.0,144.0,130.0,140.0,142.0,146.0,138.0,134.0,131.0,143.0,153.0,123.0,130.0
hsa135,144.0,174.0,171.0,164.0,150.0,183.0,180.0,175.0,144.0,163.0,151.0,161.0,159.0,180.0,171.0,174.0,175.0,174.0,146.0,155.0,142.0,190.0,412.0,172.0,158.0,173.0,155.0,212.0,194.0,194.0,176.0,177.0,168.0,176.0,171.0,164.0,169.0,146.0,151.0,149.0,150.0,179.0,171.0,142.0,177.0,174.0,179.0,153.0,171.0,146.0,144.0,221.0,142.0,138.0,160.0,150.0,142.0,146.0,146.0,150.0,152.0,141.0,146.0,153.0,155.0,153.0,137.0,150.0,137.0,150.0,247.0,217.0,206.0,219.0,248.0,217.0,220.0,218.0,213.0,162.0,156.0,151.0,153.0,164.0,146.0,152.0,160.0,163.0,147.0,149.0,145.0,161.0,167.0,140.0,138.0
hsa140,128.0,151.0,153.0,131.0,133.0,158.0,158.0,155.0,134.0,148.0,137.0,148.0,150.0,167.0,153.0,154.0,137.0,145.0,138.0,128.0,124.0,178.0,172.0,318.0,143.0,160.0,146.0,191.0,160.0,165.0,148.0,156.0,161.0,145.0,141.0,136.0,150.0,138.0,142.0,138.0,136.0,152.0,152.0,139.0,146.0,159.0,152.0,140.0,151.0,127.0,133.0,159.0,135.0,131.0,142.0,124.0,127.0,135.0,139.0,145.0,132.0,134.0,136.0,137.0,138.0,133.0,122.0,129.0,133.0,137.0,209.0,184.0,187.0,184.0,206.0,181.0,187.0,193.0,193.0,148.0,150.0,144.0,136.0,141.0,129.0,138.0,145.0,136.0,133.0,138.0,134.0,139.0,154.0,126.0,129.0
hsa11255,139.0,166.0,185.0,156.0,148.0,171.0,193.0,158.0,143.0,181.0,151.0,201.0,181.0,203.0,182.0,197.0,205.0,190.0,146.0,177.0,151.0,143.0,158.0,143.0,445.0,186.0,207.0,228.0,195.0,184.0,185.0,176.0,175.0,167.0,207.0,185.0,177.0,166.0,167.0,150.0,157.0,170.0,168.0,157.0,180.0,176.0,161.0,155.0,161.0,150.0,147.0,152.0,147.0,138.0,160.0,160.0,151.0,163.0,156.0,153.0,147.0,141.0,150.0,154.0,151.0,152.0,145.0,157.0,137.0,162.0,251.0,225.0,216.0,224.0,255.0,233.0,220.0,225.0,215.0,163.0,165.0,165.0,162.0,166.0,144.0,169.0,151.0,161.0,163.0,148.0,137.0,165.0,178.0,147.0,145.0
hsa3269,151.0,181.0,203.0,160.0,153.0,193.0,184.0,179.0,158.0,191.0,157.0,212.0,221.0,231.0,213.0,225.0,192.0,183.0,152.0,160.0,151.0,157.0,173.0,160.0,186.0,487.0,176.0,238.0,197.0,195.0,174.0,190.0,184.0,175.0,199.0,184.0,198.0,191.0,186.0,182.0,192.0,192.0,184.0,182.0,184.0,184.0,188.0,162.0,183.0,154.0,159.0,152.0,156.0,145.0,155.0,148.0,149.0,161.0,165.0,156.0,154.0,148.0,156.0,159.0,158.0,152.0,143.0,162.0,157.0,158.0,256.0,225.0,234.0,236.0,261.0,228.0,243.0,242.0,235.0,175.0,167.0,165.0,159.0,168.0,145.0,167.0,164.0,168.0,158.0,162.0,149.0,172.0,174.0,156.0,143.0
hsa59340,142.0,163.0,168.0,145.0,143.0,172.0,161.0,159.0,138.0,171.0,144.0,170.0,175.0,196.0,167.0,180.0,172.0,172.0,142.0,157.0,150.0,150.0,155.0,146.0,207.0,176.0,390.0,216.0,181.0,182.0,161.0,159.0,175.0,160.0,171.0,145.0,158.0,157.0,161.0,154.0,155.0,168.0,167.0,159.0,160.0,162.0,157.0,147.0,165.0,147.0,144.0,148.0,146.0,141.0,148.0,137.0,143.0,153.0,148.0,157.0,145.0,142.0,147.0,148.0,143.0,150.0,131.0,147.0,146.0,144.0,235.0,207.0,209.0,209.0,233.0,205.0,213.0,213.0,214.0,156.0,161.0,155.0,143.0,155.0,136.0,160.0,149.0,152.0,146.0,144.0,145.0,157.0,163.0,146.0,139.0
hsa2550,203.0,229.0,222.0,214.0,203.0,238.0,231.0,226.0,198.0,217.0,211.0,242.0,231.0,272.0,235.0,250.0,229.0,223.0,198.0,217.0,211.0,198.0,212.0,191.0,228.0,238.0,216.0,961.0,262.0,247.0,221.0,237.0,240.0,207.0,229.0,208.0,224.0,216.0,207.0,202.0,203.0,242.0,234.0,205.0,228.0,239.0,213.0,216.0,240.0,206.0,203.0,194.0,201.0,194.0,203.0,205.0,201.0,213.0,213.0,205.0,211.0,191.0,208.0,211.0,212.0,205.0,193.0,211.0,199.0,211.0,398.0,348.0,338.0,349.0,392.0,347.0,348.0,351.0,345.0,222.0,236.0,219.0,217.0,244.0,195.0,221.0,215.0,217.0,207.0,197.0,197.0,219.0,239.0,203.0,191.0
hsa146,165.0,210.0,196.0,185.0,164.0,285.0,241.0,206.0,154.0,195.0,184.0,200.0,184.0,229.0,201.0,206.0,211.0,192.0,169.0,185.0,171.0,163.0,194.0,160.0,195.0,197.0,181.0,262.0,572.0,312.0,216.0,219.0,198.0,197.0,217.0,212.0,189.0,182.0,178.0,161.0,164.0,199.0,196.0,182.0,218.0,229.0,188.0,182.0,201.0,164.0,160.0,169.0,161.0,153.0,177.0,176.0,164.0,172.0,203.0,173.0,177.0,154.0,171.0,175.0,189.0,179.0,156.0,175.0,148.0,192.0,291.0,266.0,248.0,259.0,295.0,263.0,257.0,256.0,249.0,176.0,185.0,190.0,178.0,199.0,155.0,183.0,171.0,214.0,194.0,161.0,166.0,178.0,202.0,167.0,162.0
hsa147,160.0,215.0,198.0,175.0,164.0,280.0,226.0,205.0,161.0,188.0,171.0,187.0,190.0,212.0,193.0,204.0,200.0,191.0,166.0,174.0,161.0,156.0,194.0,165.0,184.0,195.0,182.0,247.0,312.0,520.0,209.0,214.0,203.0,195.0,208.0,191.0,195.0,182.0,181.0,171.0,175.0,204.0,195.0,180.0,217.0,221.0,201.0,176.0,188.0,160.0,157.0,165.0,166.0,163.0,177.0,168.0,156.0,156.0,183.0,180.0,169.0,161.0,168.0,172.0,177.0,164.0,151.0,167.0,157.0,180.0,281.0,244.0,236.0,245.0,285.0,237.0,238.0,247.0,241.0,175.0,180.0,176.0,169.0,188.0,157.0,180.0,182.0,190.0,175.0,162.0,158.0,185.0,187.0,157.0,155.0
hsa155,135.0,179.0,177.0,163.0,138.0,190.0,258.0,211.0,139.0,175.0,155.0,182.0,164.0,186.0,178.0,171.0,192.0,177.0,147.0,176.0,155.0,152.0,176.0,148.0,185.0,174.0,161.0,221.0,216.0,209.0,408.0,192.0,180.0,176.0,190.0,192.0,178.0,171.0,164.0,151.0,151.0,176.0,180.0,167.0,198.0,182.0,175.0,153.0,161.0,158.0,142.0,163.0,138.0,135.0,164.0,163.0,144.0,146.0,169.0,159.0,141.0,133.0,138.0,151.0,163.0,156.0,151.0,154.0,130.0,173.0,245.0,226.0,211.0,218.0,241.0,219.0,218.0,215.0,212.0,153.0,161.0,162.0,164.0,175.0,140.0,171.0,154.0,181.0,171.0,151.0,147.0,169.0,193.0,152.0,143.0
hsa1816,155.0,291.0,197.0,166.0,149.0,209.0,217.0,195.0,160.0,183.0,171.0,179.0,179.0,206.0,180.0,197.0,198.0,177.0,160.0,163.0,153.0,158.0,177.0,156.0,176.0,190.0,159.0,237.0,219.0,214.0,192.0,477.0,193.0,189.0,195.0,183.0,188.0,181.0,182.0,170.0,166.0,197.0,189.0,165.0,204.0,203.0,190.0,175.0,183.0,154.0,154.0,162.0,156.0,148.0,155.0,157.0,146.0,162.0,175.0,175.0,159.0,164.0,168.0,158.0,161.0,153.0,148.0,155.0,147.0,170.0,263.0,236.0,233.0,238.0,259.0,239.0,229.0,244.0,229.0,165.0,169.0,175.0,165.0,178.0,147.0,170.0,168.0,182.0,174.0,164.0,149.0,178.0,182.0,155.0,158.0
hsa3356,154.0,195.0,192.0,164.0,156.0,191.0,196.0,188.0,154.0,181.0,173.0,177.0,186.0,210.0,187.0,196.0,194.0,181.0,160.0,160.0,160.0,152.0,168.0,161.0,175.0,184.0,175.0,240.0,198.0,203.0,180.0,193.0,471.0,184.0,187.0,171.0,182.0,176.0,177.0,177.0,178.0,255.0,274.0,168.0,187.0,199.0,172.0,181.0,185.0,153.0,161.0,157.0,162.0,158.0,162.0,151.0,162.0,168.0,176.0,175.0,164.0,164.0,166.0,158.0,163.0,159.0,145.0,154.0,157.0,171.0,266.0,226.0,230.0,233.0,261.0,221.0,236.0,238.0,246.0,180.0,178.0,174.0,162.0,179.0,153.0,166.0,174.0,179.0,168.0,159.0,153.0,179.0,182.0,155.0,159.0
hsa3360,145.0,192.0,168.0,148.0,143.0,187.0,190.0,184.0,148.0,160.0,153.0,164.0,163.0,187.0,165.0,170.0,171.0,166.0,145.0,139.0,142.0,152.0,176.0,145.0,167.0,175.0,160.0,207.0,197.0,195.0,176.0,189.0,184.0,388.0,168.0,157.0,173.0,167.0,164.0,164.0,165.0,180.0,182.0,155.0,182.0,191.0,180.0,168.0,175.0,136.0,146.0,156.0,144.0,138.0,143.0,136.0,142.0,147.0,158.0,159.0,145.0,140.0,147.0,147.0,147.0,144.0,141.0,145.0,142.0,155.0,234.0,201.0,202.0,207.0,237.0,204.0,210.0,207.0,212.0,156.0,152.0,161.0,151.0,159.0,138.0,148.0,156.0,164.0,153.0,143.0,136.0,160.0,160.0,144.0,147.0
hsa152,137.0,183.0,196.0,158.0,145.0,190.0,201.0,170.0,140.0,197.0,162.0,192.0,178.0,201.0,194.0,191.0,291.0,270.0,144.0,173.0,153.0,149.0,171.0,141.0,207.0,199.0,171.0,229.0,217.0,208.0,190.0,195.0,187.0,168.0,462.0,210.0,204.0,184.0,193.0,165.0,177.0,186.0,191.0,172.0,184.0,187.0,178.0,167.0,163.0,147.0,139.0,149.0,142.0,133.0,162.0,158.0,137.0,155.0,167.0,151.0,139.0,143.0,145.0,160.0,157.0,151.0,153.0,166.0,137.0,167.0,254.0,235.0,223.0,228.0,260.0,239.0,231.0,227.0,221.0,163.0,161.0,167.0,162.0,174.0,140.0,163.0,153.0,172.0,167.0,155.0,144.0,170.0,191.0,154.0,143.0
hsa1815,136.0,161.0,203.0,161.0,137.0,176.0,195.0,157.0,127.0,205.0,154.0,181.0,168.0,182.0,182.0,182.0,212.0,202.0,142.0,163.0,143.0,146.0,164.0,136.0,185.0,184.0,145.0,208.0,212.0,191.0,192.0,183.0,171.0,157.0,210.0,419.0,185.0,163.0,166.0,156.0,157.0,171.0,173.0,157.0,182.0,178.0,164.0,152.0,156.0,145.0,137.0,149.0,135.0,130.0,144.0,161.0,133.0,149.0,164.0,139.0,143.0,131.0,136.0,148.0,157.0,144.0,147.0,153.0,125.0,159.0,243.0,224.0,215.0,224.0,234.0,223.0,220.0,216.0,203.0,148.0,151.0,159.0,153.0,164.0,134.0,160.0,144.0,164.0,161.0,150.0,131.0,153.0,172.0,144.0,140.0
hsa3350,135.0,183.0,189.0,148.0,140.0,185.0,185.0,180.0,144.0,186.0,152.0,192.0,189.0,207.0,197.0,199.0,213.0,197.0,147.0,154.0,146.0,153.0,169.0,150.0,177.0,198.0,158.0,224.0,189.0,195.0,178.0,188.0,182.0,173.0,204.0,185.0,422.0,213.0,212.0,198.0,201.0,185.0,174.0,181.0,180.0,202.0,174.0,157.0,166.0,145.0,142.0,152.0,139.0,143.0,156.0,146.0,141.0,153.0,157.0,156.0,142.0,143.0,144.0,154.0,151.0,142.0,144.0,152.0,136.0,150.0,241.0,211.0,212.0,221.0,245.0,214.0,218.0,221.0,219.0,156.0,160.0,164.0,156.0,163.0,138.0,155.0,162.0,160.0,152.0,145.0,145.0,169.0,170.0,149.0,145.0
hsa3351,132.0,176.0,188.0,139.0,138.0,181.0,186.0,172.0,142.0,184.0,152.0,181.0,179.0,194.0,176.0,189.0,185.0,177.0,143.0,154.0,142.0,145.0,146.0,138.0,166.0,191.0,157.0,216.0,182.0,182.0,171.0,181.0,176.0,167.0,184.0,163.0,213.0,390.0,254.0,211.0,217.0,176.0,168.0,180.0,169.0,187.0,159.0,160.0,164.0,135.0,140.0,143.0,142.0,133.0,141.0,139.0,138.0,148.0,156.0,152.0,138.0,148.0,147.0,150.0,140.0,141.0,135.0,149.0,136.0,153.0,234.0,207.0,201.0,212.0,235.0,210.0,212.0,210.0,214.0,158.0,156.0,158.0,146.0,160.0,134.0,154.0,154.0,153.0,148.0,141.0,138.0,158.0,164.0,140.0,143.0
hsa3352,133.0,177.0,192.0,140.0,135.0,177.0,179.0,165.0,132.0,183.0,150.0,173.0,172.0,200.0,174.0,187.0,189.0,174.0,144.0,154.0,140.0,142.0,151.0,142.0,167.0,186.0,161.0,207.0,178.0,181.0,164.0,182.0,177.0,164.0,193.0,166.0,212.0,254.0,377.0,208.0,214.0,176.0,174.0,167.0,161.0,189.0,160.0,157.0,161.0,136.0,141.0,141.0,144.0,135.0,142.0,134.0,141.0,145.0,151.0,151.0,134.0,138.0,147.0,141.0,139.0,141.0,132.0,144.0,131.0,154.0,223.0,205.0,202.0,205.0,227.0,203.0,205.0,205.0,211.0,159.0,157.0,161.0,144.0,157.0,139.0,148.0,154.0,148.0,149.0,142.0,144.0,160.0,157.0,138.0,140.0
hsa3354,131.0,173.0,177.0,135.0,133.0,169.0,160.0,158.0,132.0,173.0,141.0,172.0,164.0,185.0,169.0,182.0,174.0,167.0,140.0,138.0,131.0,139.0,149.0,138.0,150.0,182.0,154.0,202.0,161.0,171.0,151.0,170.0,177.0,164.0,165.0,156.0,198.0,211.0,208.0,365.0,226.0,175.0,171.0,167.0,161.0,182.0,153.0,145.0,155.0,129.0,132.0,130.0,142.0,134.0,133.0,127.0,131.0,137.0,142.0,147.0,138.0,135.0,135.0,138.0,137.0,130.0,136.0,136.0,133.0,140.0,222.0,192.0,201.0,199.0,222.0,196.0,200.0,200.0,212.0,147.0,147.0,140.0,135.0,148.0,127.0,141.0,149.0,141.0,134.0,134.0,129.0,151.0,150.0,130.0,128.0
hsa3355,130.0,172.0,193.0,134.0,130.0,176.0,167.0,154.0,134.0,176.0,154.0,167.0,176.0,192.0,170.0,180.0,187.0,170.0,140.0,134.0,135.0,137.0,150.0,136.0,157.0,192.0,155.0,203.0,164.0,175.0,151.0,166.0,178.0,165.0,177.0,157.0,201.0,217.0,214.0,226.0,366.0,172.0,171.0,179.0,152.0,185.0,152.0,148.0,156.0,131.0,140.0,140.0,139.0,132.0,134.0,129.0,137.0,138.0,141.0,147.0,140.0,138.0,138.0,142.0,138.0,130.0,126.0,138.0,135.0,147.0,220.0,191.0,206.0,202.0,224.0,191.0,202.0,200.0,203.0,152.0,150.0,149.0,131.0,150.0,133.0,143.0,151.0,146.0,135.0,134.0,136.0,154.0,149.0,132.0,126.0
hsa3357,157.0,198.0,185.0,159.0,153.0,193.0,195.0,183.0,156.0,178.0,173.0,179.0,188.0,210.0,187.0,199.0,193.0,187.0,157.0,154.0,155.0,157.0,179.0,152.0,170.0,192.0,168.0,242.0,199.0,204.0,176.0,197.0,255.0,180.0,186.0,171.0,185.0,176.0,176.0,175.0,172.0,481.0,256.0,159.0,183.0,191.0,169.0,171.0,181.0,154.0,156.0,158.0,161.0,157.0,152.0,155.0,152.0,165.0,172.0,171.0,157.0,162.0,166.0,167.0,159.0,157.0,148.0,152.0,154.0,169.0,265.0,224.0,238.0,235.0,264.0,231.0,243.0,239.0,247.0,177.0,176.0,170.0,153.0,180.0,151.0,167.0,179.0,171.0,166.0,155.0,166.0,185.0,182.0,152.0,152.0
hsa3358,156.0,182.0,184.0,157.0,150.0,194.0,192.0,181.0,149.0,171.0,165.0,182.0,176.0,203.0,178.0,189.0,193.0,186.0,150.0,156.0,151.0,153.0,171.0,152.0,168.0,184.0,167.0,234.0,196.0,195.0,180.0,189.0,274.0,182.0,191.0,173.0,174.0,168.0,174.0,171.0,171.0,256.0,458.0,156.0,178.0,198.0,171.0,177.0,177.0,151.0,154.0,152.0,164.0,154.0,156.0,143.0,156.0,162.0,173.0,167.0,159.0,157.0,160.0,160.0,162.0,163.0,144.0,156.0,148.0,166.0,267.0,220.0,223.0,227.0,261.0,221.0,235.0,234.0,234.0,171.0,174.0,165.0,152.0,176.0,146.0,159.0,176.0,177.0,160.0,159.0,151.0,174.0,175.0,148.0,146.0
hsa3361,130.0,168.0,171.0,146.0,132.0,175.0,169.0,154.0,136.0,169.0,146.0,171.0,163.0,183.0,162.0,171.0,173.0,169.0,139.0,145.0,140.0,139.0,142.0,139.0,157.0,182.0,159.0,205.0,182.0,180.0,167.0,165.0,168.0,155.0,172.0,157.0,181.0,180.0,167.0,167.0,179.0,159.0,156.0,357.0,162.0,183.0,151.0,150.0,162.0,139.0,133.0,140.0,137.0,133.0,143.0,135.0,133.0,148.0,148.0,140.0,135.0,134.0,137.0,141.0,139.0,144.0,128.0,143.0,134.0,140.0,222.0,197.0,198.0,202.0,218.0,194.0,201.0,201.0,203.0,146.0,147.0,153.0,148.0,159.0,132.0,151.0,151.0,146.0,145.0,146.0,135.0,160.0,158.0,141.0,138.0
hsa3362,143.0,201.0,173.0,174.0,149.0,195.0,211.0,178.0,148.0,171.0,157.0,189.0,170.0,202.0,176.0,185.0,175.0,176.0,147.0,177.0,161.0,157.0,177.0,146.0,180.0,184.0,160.0,228.0,218.0,217.0,198.0,204.0,187.0,182.0,184.0,182.0,180.0,169.0,161.0,161.0,152.0,183.0,178.0,162.0,440.0,194.0,186.0,157.0,170.0,163.0,141.0,152.0,156.0,135.0,164.0,165.0,146.0,159.0,164.0,157.0,149.0,138.0,147.0,152.0,162.0,157.0,147.0,167.0,138.0,163.0,263.0,223.0,212.0,232.0,257.0,228.0,223.0,230.0,224.0,156.0,156.0,164.0,161.0,175.0,139.0,173.0,157.0,177.0,168.0,155.0,143.0,171.0,181.0,153.0,141.0
hsa3363,153.0,210.0,192.0,161.0,154.0,215.0,214.0,192.0,158.0,191.0,178.0,183.0,184.0,213.0,187.0,200.0,188.0,176.0,167.0,158.0,157.0,153.0,174.0,159.0,176.0,184.0,162.0,239.0,229.0,221.0,182.0,203.0,199.0,191.0,187.0,178.0,202.0,187.0,189.0,182.0,185.0,191.0,198.0,183.0,194.0,479.0,188.0,180.0,191.0,158.0,160.0,156.0,158.0,145.0,159.0,155.0,156.0,161.0,176.0,167.0,162.0,151.0,171.0,169.0,161.0,163.0,151.0,155.0,153.0,173.0,267.0,231.0,234.0,236.0,264.0,235.0,244.0,236.0,236.0,170.0,181.0,175.0,167.0,184.0,147.0,166.0,166.0,174.0,167.0,170.0,152.0,177.0,185.0,153.0,152.0
hsa3274,147.0,189.0,175.0,155.0,147.0,187.0,188.0,180.0,152.0,168.0,155.0,157.0,164.0,175.0,167.0,166.0,171.0,168.0,146.0,150.0,143.0,155.0,179.0,152.0,161.0,188.0,157.0,213.0,188.0,201.0,175.0,190.0,172.0,180.0,178.0,164.0,174.0,159.0,160.0,153.0,152.0,169.0,171.0,151.0,186.0,188.0,397.0,164.0,169.0,145.0,142.0,162.0,157.0,142.0,153.0,150.0,150.0,148.0,169.0,161.0,150.0,150.0,155.0,156.0,156.0,149.0,141.0,150.0,141.0,156.0,235.0,212.0,212.0,208.0,236.0,207.0,211.0,214.0,206.0,157.0,154.0,159.0,149.0,163.0,147.0,162.0,160.0,170.0,162.0,144.0,152.0,158.0,165.0,145.0,138.0
hsa4988,153.0,166.0,160.0,146.0,139.0,176.0,162.0,163.0,157.0,155.0,255.0,159.0,162.0,188.0,167.0,172.0,162.0,157.0,161.0,141.0,141.0,143.0,153.0,140.0,155.0,162.0,147.0,216.0,182.0,176.0,153.0,175.0,181.0,168.0,167.0,152.0,157.0,160.0,157.0,145.0,148.0,171.0,177.0,150.0,157.0,180.0,164.0,400.0,170.0,138.0,144.0,142.0,168.0,157.0,156.0,141.0,148.0,152.0,192.0,185.0,156.0,163.0,164.0,165.0,162.0,164.0,143.0,148.0,151.0,253.0,233.0,211.0,208.0,216.0,235.0,207.0,225.0,211.0,216.0,171.0,172.0,167.0,147.0,167.0,151.0,151.0,160.0,185.0,178.0,154.0,149.0,165.0,168.0,140.0,147.0
hsa1268,159.0,182.0,164.0,169.0,153.0,186.0,179.0,165.0,150.0,163.0,165.0,174.0,168.0,196.0,169.0,178.0,166.0,161.0,164.0,157.0,160.0,152.0,171.0,151.0,161.0,183.0,165.0,240.0,201.0,188.0,161.0,183.0,185.0,175.0,163.0,156.0,166.0,164.0,161.0,155.0,156.0,181.0,177.0,162.0,170.0,191.0,169.0,170.0,472.0,151.0,164.0,158.0,161.0,151.0,157.0,148.0,150.0,170.0,165.0,164.0,166.0,154.0,161.0,161.0,158.0,157.0,149.0,159.0,155.0,158.0,264.0,233.0,232.0,238.0,260.0,227.0,239.0,242.0,235.0,178.0,181.0,175.0,168.0,183.0,150.0,161.0,168.0,163.0,159.0,162.0,155.0,178.0,179.0,158.0,162.0
hsa6915,134.0,149.0,140.0,169.0,134.0,154.0,155.0,141.0,130.0,143.0,133.0,154.0,142.0,167.0,153.0,159.0,145.0,143.0,134.0,182.0,163.0,131.0,146.0,127.0,150.0,154.0,147.0,206.0,164.0,160.0,158.0,154.0,153.0,136.0,147.0,145.0,145.0,135.0,136.0,129.0,131.0,154.0,151.0,139.0,163.0,158.0,145.0,138.0,151.0,343.0,162.0,134.0,132.0,122.0,145.0,147.0,131.0,179.0,147.0,142.0,139.0,124.0,136.0,141.0,144.0,144.0,137.0,151.0,132.0,139.0,220.0,202.0,192.0,199.0,220.0,193.0,194.0,194.0,192.0,142.0,147.0,142.0,148.0,149.0,133.0,155.0,137.0,157.0,152.0,133.0,130.0,142.0,161.0,158.0,136.0
hsa5737,138.0,152.0,139.0,157.0,137.0,157.0,152.0,146.0,135.0,143.0,138.0,140.0,148.0,164.0,150.0,157.0,146.0,140.0,145.0,180.0,152.0,127.0,144.0,133.0,147.0,159.0,144.0,203.0,160.0,157.0,142.0,154.0,161.0,146.0,139.0,137.0,142.0,140.0,141.0,132.0,140.0,156.0,154.0,133.0,141.0,160.0,142.0,144.0,164.0,162.0,359.0,134.0,142.0,133.0,142.0,126.0,139.0,171.0,143.0,147.0,144.0,136.0,142.0,146.0,141.0,137.0,128.0,149.0,134.0,134.0,229.0,193.0,195.0,204.0,222.0,193.0,203.0,201.0,208.0,155.0,157.0,144.0,139.0,150.0,135.0,150.0,143.0,145.0,135.0,135.0,142.0,147.0,147.0,142.0,135.0
hsa136,135.0,156.0,157.0,140.0,132.0,157.0,165.0,162.0,128.0,152.0,137.0,146.0,154.0,170.0,155.0,160.0,153.0,150.0,140.0,136.0,134.0,172.0,221.0,159.0,152.0,152.0,148.0,194.0,169.0,165.0,163.0,162.0,157.0,156.0,149.0,149.0,152.0,143.0,141.0,130.0,140.0,158.0,152.0,140.0,152.0,156.0,162.0,142.0,158.0,134.0,134.0,332.0,131.0,131.0,144.0,138.0,134.0,140.0,142.0,136.0,137.0,135.0,145.0,144.0,145.0,137.0,132.0,134.0,127.0,145.0,215.0,191.0,187.0,191.0,218.0,193.0,196.0,195.0,193.0,146.0,150.0,140.0,139.0,151.0,137.0,145.0,149.0,147.0,146.0,136.0,136.0,149.0,159.0,132.0,137.0
hsa185,144.0,155.0,154.0,139.0,138.0,163.0,147.0,145.0,146.0,146.0,161.0,154.0,149.0,173.0,154.0,161.0,142.0,142.0,159.0,135.0,131.0,133.0,142.0,135.0,147.0,156.0,146.0,201.0,161.0,166.0,138.0,156.0,162.0,144.0,142.0,135.0,139.0,142.0,144.0,142.0,139.0,161.0,164.0,137.0,156.0,158.0,157.0,168.0,161.0,132.0,142.0,131.0,359.0,152.0,145.0,134.0,155.0,141.0,164.0,152.0,149.0,151.0,158.0,154.0,151.0,154.0,140.0,142.0,145.0,159.0,226.0,194.0,200.0,203.0,222.0,191.0,203.0,203.0,208.0,153.0,153.0,150.0,138.0,153.0,143.0,148.0,150.0,156.0,151.0,138.0,155.0,155.0,151.0,131.0,131.0
hsa10800,143.0,148.0,156.0,133.0,126.0,156.0,150.0,151.0,140.0,145.0,151.0,136.0,147.0,156.0,148.0,154.0,143.0,133.0,144.0,122.0,126.0,129.0,138.0,131.0,138.0,145.0,141.0,194.0,153.0,163.0,135.0,148.0,158.0,138.0,133.0,130.0,143.0,133.0,135.0,134.0,132.0,157.0,154.0,133.0,135.0,145.0,142.0,157.0,151.0,122.0,133.0,131.0,152.0,337.0,144.0,122.0,161.0,130.0,149.0,141.0,150.0,146.0,154.0,149.0,146.0,135.0,131.0,133.0,142.0,146.0,211.0,183.0,182.0,191.0,210.0,189.0,189.0,193.0,196.0,148.0,140.0,145.0,126.0,143.0,145.0,140.0,142.0,138.0,136.0,134.0,145.0,143.0,139.0,125.0,135.0
hsa1241,142.0,157.0,145.0,152.0,138.0,161.0,169.0,154.0,136.0,148.0,146.0,158.0,154.0,173.0,161.0,166.0,153.0,151.0,155.0,160.0,146.0,136.0,160.0,142.0,160.0,155.0,148.0,203.0,177.0,177.0,164.0,155.0,162.0,143.0,162.0,144.0,156.0,141.0,142.0,133.0,134.0,152.0,156.0,143.0,164.0,159.0,153.0,156.0,157.0,145.0,142.0,144.0,145.0,144.0,352.0,187.0,141.0,151.0,160.0,150.0,146.0,141.0,148.0,149.0,156.0,154.0,143.0,155.0,134.0,157.0,231.0,207.0,195.0,207.0,229.0,204.0,200.0,204.0,199.0,149.0,148.0,153.0,156.0,157.0,143.0,161.0,141.0,175.0,170.0,141.0,144.0,158.0,170.0,142.0,137.0
hsa56413,132.0,147.0,139.0,159.0,140.0,154.0,161.0,142.0,128.0,140.0,139.0,157.0,143.0,168.0,156.0,156.0,152.0,150.0,144.0,164.0,144.0,131.0,150.0,124.0,160.0,148.0,137.0,205.0,176.0,168.0,163.0,157.0,151.0,136.0,158.0,161.0,146.0,139.0,134.0,127.0,129.0,155.0,143.0,135.0,165.0,155.0,150.0,141.0,148.0,147.0,126.0,138.0,134.0,122.0,187.0,358.0,135.0,138.0,146.0,136.0,137.0,129.0,135.0,144.0,159.0,149.0,146.0,154.0,124.0,153.0,221.0,215.0,197.0,201.0,224.0,205.0,195.0,198.0,187.0,139.0,144.0,145.0,151.0,155.0,133.0,165.0,135.0,158.0,155.0,128.0,132.0,151.0,168.0,141.0,124.0
hsa57105,144.0,146.0,140.0,134.0,128.0,157.0,149.0,145.0,142.0,143.0,149.0,145.0,146.0,167.0,151.0,156.0,142.0,139.0,146.0,128.0,131.0,130.0,142.0,127.0,151.0,149.0,143.0,201.0,164.0,156.0,144.0,146.0,162.0,142.0,137.0,133.0,141.0,138.0,141.0,131.0,137.0,152.0,156.0,133.0,146.0,156.0,150.0,148.0,150.0,131.0,139.0,134.0,155.0,161.0,141.0,135.0,346.0,134.0,157.0,151.0,152.0,154.0,155.0,156.0,148.0,142.0,136.0,139.0,139.0,148.0,223.0,188.0,195.0,197.0,220.0,188.0,202.0,195.0,201.0,150.0,149.0,146.0,140.0,150.0,148.0,146.0,143.0,154.0,150.0,134.0,145.0,146.0,151.0,129.0,129.0
hsa5733,140.0,159.0,155.0,164.0,143.0,157.0,161.0,148.0,138.0,149.0,143.0,157.0,149.0,176.0,160.0,162.0,153.0,151.0,147.0,184.0,165.0,134.0,146.0,135.0,163.0,161.0,153.0,213.0,172.0,156.0,146.0,162.0,168.0,147.0,155.0,149.0,153.0,148.0,145.0,137.0,138.0,165.0,162.0,148.0,159.0,161.0,148.0,152.0,170.0,179.0,171.0,140.0,141.0,130.0,151.0,138.0,134.0,390.0,147.0,142.0,145.0,138.0,148.0,146.0,155.0,152.0,137.0,146.0,140.0,141.0,233.0,207.0,206.0,211.0,233.0,209.0,214.0,208.0,210.0,158.0,158.0,156.0,146.0,164.0,145.0,159.0,142.0,155.0,144.0,137.0,145.0,143.0,158.0,162.0,136.0
hsa6751,147.0,163.0,158.0,150.0,139.0,177.0,174.0,164.0,147.0,160.0,189.0,159.0,154.0,178.0,164.0,165.0,165.0,149.0,155.0,153.0,142.0,141.0,146.0,139.0,156.0,165.0,148.0,213.0,203.0,183.0,169.0,175.0,176.0,158.0,167.0,164.0,157.0,156.0,151.0,142.0,141.0,172.0,173.0,148.0,164.0,176.0,169.0,192.0,165.0,147.0,143.0,142.0,164.0,149.0,160.0,146.0,157.0,147.0,391.0,209.0,150.0,155.0,162.0,159.0,163.0,156.0,147.0,147.0,148.0,193.0,240.0,209.0,208.0,220.0,231.0,205.0,208.0,210.0,211.0,164.0,171.0,165.0,157.0,165.0,151.0,161.0,159.0,211.0,212.0,153.0,149.0,165.0,169.0,145.0,141.0
hsa6752,154.0,164.0,155.0,142.0,135.0,177.0,166.0,167.0,155.0,161.0,175.0,156.0,160.0,174.0,162.0,166.0,158.0,152.0,148.0,138.0,136.0,135.0,150.0,145.0,153.0,156.0,157.0,205.0,173.0,180.0,159.0,175.0,175.0,159.0,151.0,139.0,156.0,152.0,151.0,147.0,147.0,171.0,167.0,140.0,157.0,167.0,161.0,185.0,164.0,142.0,147.0,136.0,152.0,141.0,150.0,136.0,151.0,142.0,209.0,369.0,156.0,152.0,156.0,159.0,156.0,145.0,144.0,142.0,152.0,174.0,235.0,193.0,205.0,204.0,231.0,196.0,205.0,208.0,201.0,159.0,162.0,167.0,155.0,157.0,152.0,149.0,159.0,217.0,215.0,152.0,158.0,159.0,159.0,128.0,154.0
hsa8843,346.0,165.0,151.0,152.0,136.0,162.0,152.0,150.0,149.0,149.0,147.0,147.0,157.0,171.0,156.0,158.0,148.0,151.0,138.0,146.0,142.0,128.0,152.0,132.0,147.0,154.0,145.0,211.0,177.0,169.0,141.0,159.0,164.0,145.0,139.0,143.0,142.0,138.0,134.0,138.0,140.0,157.0,159.0,135.0,149.0,162.0,150.0,156.0,166.0,139.0,144.0,137.0,149.0,150.0,146.0,137.0,152.0,145.0,150.0,156.0,387.0,147.0,152.0,153.0,157.0,147.0,138.0,143.0,142.0,146.0,233.0,198.0,203.0,206.0,230.0,193.0,203.0,202.0,213.0,150.0,151.0,155.0,140.0,155.0,149.0,147.0,149.0,161.0,154.0,144.0,148.0,153.0,150.0,137.0,139.0
hsa10161,144.0,161.0,154.0,132.0,129.0,166.0,145.0,152.0,148.0,147.0,150.0,141.0,152.0,166.0,147.0,153.0,140.0,138.0,148.0,121.0,126.0,130.0,141.0,134.0,141.0,148.0,142.0,191.0,154.0,161.0,133.0,164.0,164.0,140.0,143.0,131.0,143.0,148.0,138.0,135.0,138.0,162.0,157.0,134.0,138.0,151.0,150.0,163.0,154.0,124.0,136.0,135.0,151.0,146.0,141.0,129.0,154.0,138.0,155.0,152.0,147.0,344.0,209.0,160.0,158.0,146.0,135.0,135.0,143.0,149.0,220.0,181.0,191.0,190.0,212.0,185.0,200.0,196.0,197.0,150.0,144.0,152.0,130.0,145.0,147.0,143.0,141.0,154.0,149.0,128.0,149.0,148.0,139.0,129.0,135.0
hsa2846,151.0,167.0,154.0,136.0,137.0,170.0,153.0,151.0,155.0,147.0,159.0,144.0,152.0,171.0,153.0,162.0,147.0,142.0,153.0,133.0,134.0,135.0,146.0,136.0,150.0,156.0,147.0,208.0,171.0,168.0,138.0,168.0,166.0,147.0,145.0,136.0,144.0,147.0,147.0,135.0,138.0,166.0,160.0,137.0,147.0,171.0,155.0,164.0,161.0,136.0,142.0,145.0,158.0,154.0,148.0,135.0,155.0,148.0,162.0,156.0,152.0,209.0,370.0,166.0,168.0,151.0,144.0,144.0,146.0,153.0,228.0,201.0,206.0,206.0,226.0,197.0,203.0,208.0,211.0,156.0,153.0,155.0,143.0,156.0,156.0,153.0,152.0,153.0,150.0,143.0,149.0,156.0,154.0,135.0,137.0
hsa5028,148.0,162.0,147.0,146.0,139.0,164.0,160.0,155.0,152.0,149.0,169.0,154.0,154.0,172.0,157.0,165.0,153.0,150.0,147.0,140.0,138.0,134.0,153.0,137.0,154.0,159.0,148.0,211.0,175.0,172.0,151.0,158.0,158.0,147.0,160.0,148.0,154.0,150.0,141.0,138.0,142.0,167.0,160.0,141.0,152.0,169.0,156.0,165.0,161.0,141.0,146.0,144.0,154.0,149.0,149.0,144.0,156.0,146.0,159.0,159.0,153.0,160.0,166.0,373.0,180.0,181.0,161.0,160.0,143.0,162.0,230.0,202.0,202.0,204.0,233.0,201.0,210.0,206.0,208.0,159.0,163.0,154.0,146.0,159.0,153.0,149.0,152.0,165.0,160.0,145.0,144.0,151.0,157.0,134.0,137.0
hsa5029,149.0,162.0,159.0,158.0,140.0,169.0,164.0,149.0,148.0,158.0,153.0,160.0,147.0,168.0,161.0,169.0,156.0,153.0,150.0,160.0,146.0,143.0,155.0,138.0,151.0,158.0,143.0,212.0,189.0,177.0,163.0,161.0,163.0,147.0,157.0,157.0,151.0,140.0,139.0,137.0,138.0,159.0,162.0,139.0,162.0,161.0,156.0,162.0,158.0,144.0,141.0,145.0,151.0,146.0,156.0,159.0,148.0,155.0,163.0,156.0,157.0,158.0,168.0,180.0,377.0,224.0,175.0,163.0,141.0,154.0,233.0,209.0,207.0,207.0,231.0,201.0,202.0,203.0,203.0,157.0,155.0,158.0,149.0,161.0,151.0,154.0,147.0,172.0,163.0,137.0,144.0,151.0,169.0,143.0,140.0
hsa5030,144.0,150.0,141.0,151.0,138.0,159.0,165.0,144.0,136.0,150.0,157.0,153.0,149.0,169.0,157.0,157.0,148.0,147.0,146.0,158.0,145.0,131.0,153.0,133.0,152.0,152.0,150.0,205.0,179.0,164.0,156.0,153.0,159.0,144.0,151.0,144.0,142.0,141.0,141.0,130.0,130.0,157.0,163.0,144.0,157.0,163.0,149.0,164.0,157.0,144.0,137.0,137.0,154.0,135.0,154.0,149.0,142.0,152.0,156.0,145.0,147.0,146.0,151.0,181.0,224.0,365.0,172.0,155.0,138.0,163.0,232.0,206.0,200.0,204.0,231.0,204.0,205.0,206.0,200.0,154.0,149.0,148.0,150.0,162.0,145.0,155.0,144.0,168.0,159.0,138.0,134.0,152.0,172.0,140.0,133.0
hsa5031,135.0,146.0,142.0,140.0,128.0,145.0,146.0,132.0,132.0,141.0,133.0,152.0,142.0,162.0,158.0,158.0,151.0,145.0,140.0,149.0,133.0,123.0,137.0,122.0,145.0,143.0,131.0,193.0,156.0,151.0,151.0,148.0,145.0,141.0,153.0,147.0,144.0,135.0,132.0,136.0,126.0,148.0,144.0,128.0,147.0,151.0,141.0,143.0,149.0,137.0,128.0,132.0,140.0,131.0,143.0,146.0,136.0,137.0,147.0,144.0,138.0,135.0,144.0,161.0,175.0,172.0,328.0,150.0,128.0,143.0,210.0,194.0,183.0,193.0,207.0,189.0,189.0,188.0,184.0,142.0,145.0,139.0,138.0,146.0,135.0,142.0,138.0,152.0,146.0,133.0,132.0,143.0,151.0,133.0,131.0
hsa5032,142.0,152.0,143.0,155.0,141.0,161.0,166.0,145.0,132.0,151.0,139.0,155.0,148.0,170.0,160.0,162.0,154.0,154.0,145.0,161.0,145.0,133.0,150.0,129.0,157.0,162.0,147.0,211.0,175.0,167.0,154.0,155.0,154.0,145.0,166.0,153.0,152.0,149.0,144.0,136.0,138.0,152.0,156.0,143.0,167.0,155.0,150.0,148.0,159.0,151.0,149.0,134.0,142.0,133.0,155.0,154.0,139.0,146.0,147.0,142.0,143.0,135.0,144.0,160.0,163.0,155.0,150.0,374.0,126.0,147.0,238.0,208.0,199.0,202.0,230.0,205.0,202.0,202.0,200.0,145.0,150.0,148.0,155.0,157.0,137.0,154.0,141.0,160.0,150.0,137.0,139.0,153.0,161.0,144.0,136.0
hsa9934,138.0,146.0,143.0,130.0,130.0,163.0,141.0,143.0,181.0,136.0,146.0,147.0,154.0,164.0,147.0,155.0,132.0,137.0,143.0,123.0,132.0,134.0,137.0,133.0,137.0,157.0,146.0,199.0,148.0,157.0,130.0,147.0,157.0,142.0,137.0,125.0,136.0,136.0,131.0,133.0,135.0,154.0,148.0,134.0,138.0,153.0,141.0,151.0,155.0,132.0,134.0,127.0,145.0,142.0,134.0,124.0,139.0,140.0,148.0,152.0,142.0,143.0,146.0,143.0,141.0,138.0,128.0,126.0,338.0,138.0,213.0,185.0,191.0,191.0,214.0,181.0,194.0,201.0,201.0,145.0,146.0,145.0,132.0,149.0,140.0,138.0,147.0,136.0,137.0,142.0,134.0,145.0,143.0,129.0,131.0
hsa4985,142.0,153.0,154.0,153.0,136.0,171.0,175.0,154.0,147.0,156.0,250.0,157.0,149.0,172.0,159.0,159.0,173.0,153.0,146.0,152.0,142.0,140.0,150.0,137.0,162.0,158.0,144.0,211.0,192.0,180.0,173.0,170.0,171.0,155.0,167.0,159.0,150.0,153.0,154.0,140.0,147.0,169.0,166.0,140.0,163.0,173.0,156.0,253.0,158.0,139.0,134.0,145.0,159.0,146.0,157.0,153.0,148.0,141.0,193.0,174.0,146.0,149.0,153.0,162.0,154.0,163.0,143.0,147.0,138.0,372.0,228.0,214.0,198.0,206.0,229.0,210.0,212.0,206.0,201.0,156.0,159.0,164.0,152.0,167.0,142.0,153.0,157.0,187.0,182.0,154.0,147.0,159.0,177.0,131.0,142.0
hsa2911,222.0,253.0,240.0,243.0,224.0,262.0,265.0,246.0,217.0,238.0,230.0,252.0,251.0,296.0,261.0,273.0,257.0,245.0,223.0,248.0,223.0,208.0,247.0,209.0,251.0,256.0,235.0,398.0,291.0,281.0,245.0,263.0,266.0,234.0,254.0,243.0,241.0,234.0,223.0,222.0,220.0,265.0,267.0,222.0,263.0,267.0,235.0,233.0,264.0,220.0,229.0,215.0,226.0,211.0,231.0,221.0,223.0,233.0,240.0,235.0,233.0,220.0,228.0,230.0,233.0,232.0,210.0,238.0,213.0,228.0,1194.0,499.0,479.0,490.0,798.0,462.0,478.0,486.0,405.0,242.0,257.0,243.0,231.0,272.0,212.0,245.0,238.0,246.0,235.0,224.0,214.0,249.0,259.0,218.0,217.0
hsa2912,189.0,229.0,215.0,214.0,195.0,229.0,247.0,207.0,189.0,213.0,199.0,229.0,222.0,253.0,226.0,246.0,228.0,224.0,196.0,221.0,208.0,188.0,217.0,184.0,225.0,225.0,207.0,348.0,266.0,244.0,226.0,236.0,226.0,201.0,235.0,224.0,211.0,207.0,205.0,192.0,191.0,224.0,220.0,197.0,223.0,231.0,212.0,211.0,233.0,202.0,193.0,191.0,194.0,183.0,207.0,215.0,188.0,207.0,209.0,193.0,198.0,181.0,201.0,202.0,209.0,206.0,194.0,208.0,185.0,214.0,499.0,872.0,622.0,488.0,484.0,473.0,462.0,471.0,367.0,216.0,221.0,217.0,212.0,236.0,183.0,222.0,202.0,215.0,207.0,198.0,188.0,213.0,231.0,203.0,192.0
hsa2913,199.0,228.0,218.0,206.0,191.0,235.0,226.0,213.0,192.0,208.0,199.0,231.0,229.0,255.0,230.0,239.0,226.0,222.0,202.0,210.0,199.0,185.0,206.0,187.0,216.0,234.0,209.0,338.0,248.0,236.0,211.0,233.0,230.0,202.0,223.0,215.0,212.0,201.0,202.0,201.0,206.0,238.0,223.0,198.0,212.0,234.0,212.0,208.0,232.0,192.0,195.0,187.0,200.0,182.0,195.0,197.0,195.0,206.0,208.0,205.0,203.0,191.0,206.0,202.0,207.0,200.0,183.0,199.0,191.0,198.0,479.0,622.0,879.0,475.0,473.0,460.0,471.0,476.0,379.0,222.0,226.0,216.0,204.0,233.0,185.0,213.0,209.0,210.0,203.0,190.0,195.0,216.0,228.0,200.0,191.0
hsa2914,197.0,228.0,225.0,213.0,194.0,236.0,234.0,217.0,196.0,217.0,210.0,225.0,226.0,267.0,237.0,246.0,237.0,224.0,195.0,214.0,201.0,196.0,219.0,184.0,224.0,236.0,209.0,349.0,259.0,245.0,218.0,238.0,233.0,207.0,228.0,224.0,221.0,212.0,205.0,199.0,202.0,235.0,227.0,202.0,232.0,236.0,208.0,216.0,238.0,199.0,204.0,191.0,203.0,191.0,207.0,201.0,197.0,211.0,220.0,204.0,206.0,190.0,206.0,204.0,207.0,204.0,193.0,202.0,191.0,206.0,490.0,488.0,475.0,912.0,480.0,633.0,655.0,693.0,379.0,224.0,232.0,222.0,214.0,238.0,197.0,220.0,205.0,212.0,204.0,199.0,200.0,221.0,228.0,195.0,201.0
hsa2915,221.0,264.0,248.0,237.0,221.0,266.0,273.0,241.0,213.0,235.0,230.0,248.0,249.0,288.0,262.0,270.0,251.0,247.0,218.0,238.0,227.0,210.0,248.0,206.0,255.0,261.0,233.0,392.0,295.0,285.0,241.0,259.0,261.0,237.0,260.0,234.0,245.0,235.0,227.0,222.0,224.0,264.0,261.0,218.0,257.0,264.0,236.0,235.0,260.0,220.0,222.0,218.0,222.0,210.0,229.0,224.0,220.0,233.0,231.0,231.0,230.0,212.0,226.0,233.0,231.0,231.0,207.0,230.0,214.0,229.0,798.0,484.0,473.0,480.0,1212.0,446.0,468.0,474.0,404.0,241.0,249.0,238.0,230.0,267.0,211.0,245.0,239.0,241.0,224.0,223.0,215.0,252.0,258.0,219.0,216.0
hsa2916,186.0,225.0,220.0,213.0,196.0,232.0,237.0,209.0,183.0,214.0,203.0,232.0,219.0,256.0,231.0,244.0,238.0,231.0,189.0,220.0,198.0,188.0,217.0,181.0,233.0,228.0,205.0,347.0,263.0,237.0,219.0,239.0,221.0,204.0,239.0,223.0,214.0,210.0,203.0,196.0,191.0,231.0,221.0,194.0,228.0,235.0,207.0,207.0,227.0,193.0,193.0,193.0,191.0,189.0,204.0,205.0,188.0,209.0,205.0,196.0,193.0,185.0,197.0,201.0,201.0,204.0,189.0,205.0,181.0,210.0,462.0,473.0,460.0,633.0,446.0,877.0,610.0,629.0,354.0,223.0,225.0,213.0,212.0,233.0,184.0,223.0,206.0,214.0,205.0,190.0,185.0,217.0,227.0,196.0,190.0
hsa2917,197.0,230.0,227.0,211.0,202.0,234.0,238.0,217.0,196.0,217.0,211.0,227.0,230.0,258.0,231.0,247.0,237.0,224.0,195.0,207.0,196.0,192.0,220.0,187.0,220.0,243.0,213.0,348.0,257.0,238.0,218.0,229.0,236.0,210.0,231.0,220.0,218.0,212.0,205.0,200.0,202.0,243.0,235.0,201.0,223.0,244.0,211.0,225.0,239.0,194.0,203.0,196.0,203.0,189.0,200.0,195.0,202.0,214.0,208.0,205.0,203.0,200.0,203.0,210.0,202.0,205.0,189.0,202.0,194.0,212.0,478.0,462.0,471.0,655.0,468.0,610.0,915.0,689.0,376.0,222.0,229.0,220.0,205.0,240.0,196.0,213.0,209.0,214.0,204.0,197.0,200.0,222.0,228.0,196.0,196.0
hsa2918,197.0,235.0,230.0,215.0,197.0,240.0,231.0,219.0,201.0,217.0,210.0,229.0,230.0,267.0,229.0,252.0,240.0,224.0,198.0,208.0,201.0,195.0,218.0,193.0,225.0,242.0,213.0,351.0,256.0,247.0,215.0,244.0,238.0,207.0,227.0,216.0,221.0,210.0,205.0,200.0,200.0,239.0,234.0,201.0,230.0,236.0,214.0,211.0,242.0,194.0,201.0,195.0,203.0,193.0,204.0,198.0,195.0,208.0,210.0,208.0,202.0,196.0,208.0,206.0,203.0,206.0,188.0,202.0,201.0,206.0,486.0,471.0,476.0,693.0,474.0,629.0,689.0,908.0,375.0,235.0,230.0,218.0,211.0,235.0,197.0,214.0,214.0,211.0,199.0,199.0,202.0,222.0,228.0,203.0,199.0
hsa222545,201.0,230.0,222.0,215.0,203.0,232.0,227.0,219.0,198.0,215.0,203.0,226.0,233.0,270.0,232.0,247.0,231.0,223.0,207.0,201.0,199.0,196.0,213.0,193.0,215.0,235.0,214.0,345.0,249.0,241.0,212.0,229.0,246.0,212.0,221.0,203.0,219.0,214.0,211.0,212.0,203.0,247.0,234.0,203.0,224.0,236.0,206.0,216.0,235.0,192.0,208.0,193.0,208.0,196.0,199.0,187.0,201.0,210.0,211.0,201.0,213.0,197.0,211.0,208.0,203.0,200.0,184.0,200.0,201.0,201.0,405.0,367.0,379.0,379.0,404.0,354.0,376.0,375.0,926.0,227.0,226.0,221.0,205.0,233.0,193.0,212.0,223.0,212.0,207.0,197.0,203.0,223.0,221.0,198.0,201.0
hsa1909,152.0,164.0,159.0,151.0,143.0,172.0,169.0,162.0,149.0,155.0,166.0,163.0,163.0,180.0,169.0,170.0,161.0,154.0,154.0,147.0,144.0,147.0,162.0,148.0,163.0,175.0,156.0,222.0,176.0,175.0,153.0,165.0,180.0,156.0,163.0,148.0,156.0,158.0,159.0,147.0,152.0,177.0,171.0,146.0,156.0,170.0,157.0,171.0,178.0,142.0,155.0,146.0,153.0,148.0,149.0,139.0,150.0,158.0,164.0,159.0,150.0,150.0,156.0,159.0,157.0,154.0,142.0,145.0,145.0,156.0,242.0,216.0,222.0,224.0,241.0,223.0,222.0,235.0,227.0,427.0,271.0,157.0,156.0,183.0,149.0,152.0,161.0,163.0,162.0,146.0,148.0,166.0,162.0,144.0,141.0
hsa1910,148.0,163.0,160.0,152.0,147.0,167.0,175.0,162.0,147.0,156.0,167.0,160.0,164.0,186.0,167.0,175.0,165.0,159.0,156.0,152.0,145.0,149.0,156.0,150.0,165.0,167.0,161.0,236.0,185.0,180.0,161.0,169.0,178.0,152.0,161.0,151.0,160.0,156.0,157.0,147.0,150.0,176.0,174.0,147.0,156.0,181.0,154.0,172.0,181.0,147.0,157.0,150.0,153.0,140.0,148.0,144.0,149.0,158.0,171.0,162.0,151.0,144.0,153.0,163.0,155.0,149.0,145.0,150.0,146.0,159.0,257.0,221.0,226.0,232.0,249.0,225.0,229.0,230.0,226.0,271.0,442.0,166.0,155.0,193.0,144.0,160.0,160.0,172.0,156.0,152.0,156.0,169.0,171.0,145.0,142.0
hsa552,150.0,173.0,163.0,156.0,148.0,177.0,167.0,163.0,145.0,160.0,167.0,164.0,167.0,187.0,179.0,177.0,169.0,154.0,152.0,153.0,148.0,143.0,151.0,144.0,165.0,165.0,155.0,219.0,190.0,176.0,162.0,175.0,174.0,161.0,167.0,159.0,164.0,158.0,161.0,140.0,149.0,170.0,165.0,153.0,164.0,175.0,159.0,167.0,175.0,142.0,144.0,140.0,150.0,145.0,153.0,145.0,146.0,156.0,165.0,167.0,155.0,152.0,155.0,154.0,158.0,148.0,139.0,148.0,145.0,164.0,243.0,217.0,216.0,222.0,238.0,213.0,220.0,218.0,221.0,157.0,166.0,418.0,193.0,174.0,145.0,162.0,155.0,173.0,166.0,155.0,144.0,167.0,172.0,142.0,143.0
hsa554,141.0,154.0,147.0,157.0,136.0,166.0,175.0,153.0,139.0,150.0,146.0,155.0,144.0,171.0,150.0,160.0,159.0,153.0,141.0,164.0,155.0,132.0,153.0,136.0,162.0,159.0,143.0,217.0,178.0,169.0,164.0,165.0,162.0,151.0,162.0,153.0,156.0,146.0,144.0,135.0,131.0,153.0,152.0,148.0,161.0,167.0,149.0,147.0,168.0,148.0,139.0,139.0,138.0,126.0,156.0,151.0,140.0,146.0,157.0,155.0,140.0,130.0,143.0,146.0,149.0,150.0,138.0,155.0,132.0,152.0,231.0,212.0,204.0,214.0,230.0,212.0,205.0,211.0,205.0,156.0,155.0,193.0,371.0,164.0,132.0,167.0,149.0,169.0,162.0,144.0,132.0,164.0,179.0,141.0,132.0
hsa9283,150.0,172.0,165.0,167.0,155.0,175.0,182.0,174.0,148.0,167.0,162.0,169.0,168.0,194.0,170.0,180.0,175.0,164.0,150.0,165.0,157.0,144.0,164.0,141.0,166.0,168.0,155.0,244.0,199.0,188.0,175.0,178.0,179.0,159.0,174.0,164.0,163.0,160.0,157.0,148.0,150.0,180.0,176.0,159.0,175.0,184.0,163.0,167.0,183.0,149.0,150.0,151.0,153.0,143.0,157.0,155.0,150.0,164.0,165.0,157.0,155.0,145.0,156.0,159.0,161.0,162.0,146.0,157.0,149.0,167.0,272.0,236.0,233.0,238.0,267.0,233.0,240.0,235.0,233.0,183.0,193.0,174.0,164.0,481.0,143.0,166.0,159.0,175.0,165.0,148.0,146.0,173.0,176.0,155.0,155.0
hsa5724,144.0,144.0,146.0,134.0,131.0,157.0,144.0,147.0,149.0,140.0,147.0,139.0,144.0,161.0,145.0,156.0,145.0,139.0,135.0,127.0,134.0,130.0,146.0,129.0,144.0,145.0,136.0,195.0,155.0,157.0,140.0,147.0,153.0,138.0,140.0,134.0,138.0,134.0,139.0,127.0,133.0,151.0,146.0,132.0,139.0,147.0,147.0,151.0,150.0,133.0,135.0,137.0,143.0,145.0,143.0,133.0,148.0,145.0,151.0,152.0,149.0,147.0,156.0,153.0,151.0,145.0,135.0,137.0,140.0,142.0,212.0,183.0,185.0,197.0,211.0,184.0,196.0,197.0,193.0,149.0,144.0,145.0,132.0,143.0,342.0,134.0,147.0,143.0,139.0,135.0,143.0,145.0,137.0,131.0,134.0
hsa23620,147.0,165.0,163.0,158.0,146.0,170.0,179.0,152.0,141.0,157.0,148.0,168.0,162.0,181.0,162.0,172.0,159.0,162.0,140.0,169.0,152.0,140.0,152.0,138.0,169.0,167.0,160.0,221.0,183.0,180.0,171.0,170.0,166.0,148.0,163.0,160.0,155.0,154.0,148.0,141.0,143.0,167.0,159.0,151.0,173.0,166.0,162.0,151.0,161.0,155.0,150.0,145.0,148.0,140.0,161.0,165.0,146.0,159.0,161.0,149.0,147.0,143.0,153.0,149.0,154.0,155.0,142.0,154.0,138.0,153.0,245.0,222.0,213.0,220.0,245.0,223.0,213.0,214.0,212.0,152.0,160.0,162.0,167.0,166.0,134.0,410.0,150.0,160.0,163.0,146.0,137.0,164.0,175.0,151.0,139.0
hsa7201,144.0,168.0,162.0,148.0,140.0,173.0,169.0,163.0,137.0,161.0,154.0,156.0,165.0,182.0,161.0,173.0,159.0,153.0,147.0,140.0,140.0,142.0,160.0,145.0,151.0,164.0,149.0,215.0,171.0,182.0,154.0,168.0,174.0,156.0,153.0,144.0,162.0,154.0,154.0,149.0,151.0,179.0,176.0,151.0,157.0,166.0,160.0,160.0,168.0,137.0,143.0,149.0,150.0,142.0,141.0,135.0,143.0,142.0,159.0,159.0,149.0,141.0,152.0,152.0,147.0,144.0,138.0,141.0,147.0,157.0,238.0,202.0,209.0,205.0,239.0,206.0,209.0,214.0,223.0,161.0,160.0,155.0,149.0,159.0,147.0,150.0,398.0,162.0,160.0,154.0,142.0,171.0,169.0,137.0,154.0
hsa6753,156.0,167.0,160.0,162.0,141.0,184.0,182.0,164.0,140.0,157.0,179.0,162.0,161.0,184.0,166.0,169.0,169.0,167.0,155.0,165.0,152.0,146.0,163.0,136.0,161.0,168.0,152.0,217.0,214.0,190.0,181.0,182.0,179.0,164.0,172.0,164.0,160.0,153.0,148.0,141.0,146.0,171.0,177.0,146.0,177.0,174.0,170.0,185.0,163.0,157.0,145.0,147.0,156.0,138.0,175.0,158.0,154.0,155.0,211.0,217.0,161.0,154.0,153.0,165.0,172.0,168.0,152.0,160.0,136.0,187.0,246.0,215.0,210.0,212.0,241.0,214.0,214.0,211.0,212.0,163.0,172.0,173.0,169.0,175.0,143.0,160.0,162.0,418.0,240.0,148.0,163.0,165.0,179.0,147.0,152.0
hsa6755,151.0,161.0,155.0,156.0,134.0,172.0,175.0,156.0,142.0,157.0,175.0,155.0,150.0,175.0,159.0,163.0,163.0,154.0,152.0,157.0,147.0,138.0,147.0,133.0,163.0,158.0,146.0,207.0,194.0,175.0,171.0,174.0,168.0,153.0,167.0,161.0,152.0,148.0,149.0,134.0,135.0,166.0,160.0,145.0,168.0,167.0,162.0,178.0,159.0,152.0,135.0,146.0,151.0,136.0,170.0,155.0,150.0,144.0,212.0,215.0,154.0,149.0,150.0,160.0,163.0,159.0,146.0,150.0,137.0,182.0,235.0,207.0,203.0,204.0,224.0,205.0,204.0,199.0,207.0,162.0,156.0,166.0,162.0,165.0,139.0,163.0,160.0,240.0,364.0,150.0,149.0,163.0,172.0,138.0,147.0
hsa4543,141.0,154.0,147.0,145.0,131.0,163.0,161.0,151.0,143.0,151.0,156.0,153.0,146.0,162.0,149.0,158.0,153.0,150.0,142.0,135.0,131.0,134.0,149.0,138.0,148.0,162.0,144.0,197.0,161.0,162.0,151.0,164.0,159.0,143.0,155.0,150.0,145.0,141.0,142.0,134.0,134.0,155.0,159.0,146.0,155.0,170.0,144.0,154.0,162.0,133.0,135.0,136.0,138.0,134.0,141.0,128.0,134.0,137.0,153.0,152.0,144.0,128.0,143.0,145.0,137.0,138.0,133.0,137.0,142.0,154.0,224.0,198.0,190.0,199.0,223.0,190.0,197.0,199.0,197.0,146.0,152.0,155.0,144.0,148.0,135.0,146.0,154.0,148.0,150.0,350.0,140.0,151.0,152.0,133.0,139.0
hsa1234,146.0,151.0,146.0,140.0,139.0,163.0,149.0,143.0,146.0,147.0,148.0,147.0,149.0,170.0,146.0,154.0,142.0,141.0,162.0,144.0,133.0,131.0,145.0,134.0,137.0,149.0,145.0,197.0,166.0,158.0,147.0,149.0,153.0,136.0,144.0,131.0,145.0,138.0,144.0,129.0,136.0,166.0,151.0,135.0,143.0,152.0,152.0,149.0,155.0,130.0,142.0,136.0,155.0,145.0,144.0,132.0,145.0,145.0,149.0,158.0,148.0,149.0,149.0,144.0,144.0,134.0,132.0,139.0,134.0,147.0,214.0,188.0,195.0,200.0,215.0,185.0,200.0,202.0,203.0,148.0,156.0,144.0,132.0,146.0,143.0,137.0,142.0,163.0,149.0,140.0,352.0,158.0,151.0,137.0,137.0
hsa886,149.0,178.0,163.0,149.0,148.0,174.0,182.0,165.0,154.0,165.0,162.0,165.0,170.0,185.0,177.0,184.0,164.0,163.0,156.0,157.0,151.0,143.0,161.0,139.0,165.0,172.0,157.0,219.0,178.0,185.0,169.0,178.0,179.0,160.0,170.0,153.0,169.0,158.0,160.0,151.0,154.0,185.0,174.0,160.0,171.0,177.0,158.0,165.0,178.0,142.0,147.0,149.0,155.0,143.0,158.0,151.0,146.0,143.0,165.0,159.0,153.0,148.0,156.0,151.0,151.0,152.0,143.0,153.0,145.0,159.0,249.0,213.0,216.0,221.0,252.0,217.0,222.0,222.0,223.0,166.0,169.0,167.0,164.0,173.0,145.0,164.0,171.0,165.0,163.0,151.0,158.0,428.0,241.0,144.0,156.0
hsa887,145.0,178.0,168.0,164.0,149.0,177.0,193.0,165.0,145.0,172.0,168.0,181.0,166.0,195.0,177.0,182.0,182.0,173.0,157.0,175.0,167.0,153.0,167.0,154.0,178.0,174.0,163.0,239.0,202.0,187.0,193.0,182.0,182.0,160.0,191.0,172.0,170.0,164.0,157.0,150.0,149.0,182.0,175.0,158.0,181.0,185.0,165.0,168.0,179.0,161.0,147.0,159.0,151.0,139.0,170.0,168.0,151.0,158.0,169.0,159.0,150.0,139.0,154.0,157.0,169.0,172.0,151.0,161.0,143.0,177.0,259.0,231.0,228.0,228.0,258.0,227.0,228.0,228.0,221.0,162.0,171.0,172.0,179.0,176.0,137.0,175.0,169.0,179.0,172.0,152.0,151.0,241.0,447.0,158.0,156.0
hsa5729,134.0,147.0,148.0,182.0,134.0,154.0,151.0,136.0,123.0,143.0,135.0,152.0,142.0,169.0,150.0,156.0,153.0,144.0,141.0,163.0,193.0,123.0,140.0,126.0,147.0,156.0,146.0,203.0,167.0,157.0,152.0,155.0,155.0,144.0,154.0,144.0,149.0,140.0,138.0,130.0,132.0,152.0,148.0,141.0,153.0,153.0,145.0,140.0,158.0,158.0,142.0,132.0,131.0,125.0,142.0,141.0,129.0,162.0,145.0,128.0,137.0,129.0,135.0,134.0,143.0,140.0,133.0,144.0,129.0,131.0,218.0,203.0,200.0,195.0,219.0,196.0,196.0,203.0,198.0,144.0,145.0,142.0,141.0,155.0,131.0,151.0,137.0,147.0,138.0,133.0,137.0,144.0,158.0,359.0,130.0
hsa6010,137.0,151.0,142.0,134.0,132.0,155.0,155.0,137.0,134.0,139.0,138.0,150.0,149.0,165.0,148.0,154.0,141.0,145.0,141.0,133.0,129.0,130.0,138.0,129.0,145.0,143.0,139.0,191.0,162.0,155.0,143.0,158.0,159.0,147.0,143.0,140.0,145.0,143.0,140.0,128.0,126.0,152.0,146.0,138.0,141.0,152.0,138.0,147.0,162.0,136.0,135.0,137.0,131.0,135.0,137.0,124.0,129.0,136.0,141.0,154.0,139.0,135.0,137.0,137.0,140.0,133.0,131.0,136.0,131.0,142.0,217.0,192.0,191.0,201.0,216.0,190.0,196.0,199.0,201.0,141.0,142.0,143.0,132.0,155.0,134.0,139.0,154.0,152.0,147.0,139.0,137.0,156.0,156.0,130.0,348.0
